"http://dbpedia.org/resource/Oklahoma_Sooners_football?dbpv=2020-02&nif=table&ref=8.1_2&order=0","1","Q5"
"http://dbpedia.org/resource/2015_FIFA_Ballon_d'Or?dbpv=2020-02&nif=table&ref=1.3_2&order=0","1","Q5"
"http://dbpedia.org/resource/Athletics_at_the_1987_Pan_American_Games_–_Men's_800_metres?dbpv=2020-02&nif=table&ref=2.2_2&order=0","2","Q5"
"http://dbpedia.org/resource/2009_European_Team_Championships_Super_League?dbpv=2020-02&nif=table&ref=2.16_2&order=0","1","Q5"
"http://dbpedia.org/resource/1946_in_Michigan?dbpv=2020-02&nif=table&ref=3.1_2&order=0","1","Q1093829"
"http://dbpedia.org/resource/Athletics_at_the_2007_Summer_Universiade_–_Men's_100_metres?dbpv=2020-02&nif=table&ref=2.3_2&order=0","2","Q5"
"http://dbpedia.org/resource/Nija_Charles?dbpv=2020-02&nif=table&ref=2_3&order=0","2","Q134556"
"http://dbpedia.org/resource/List_of_regions_of_China?dbpv=2020-02&nif=table&ref=2.1_3&order=0","0","Q1666245"
"http://dbpedia.org/resource/Mid-East_Region,_Ireland?dbpv=2020-02&nif=table&ref=2.1_2&order=0","1","Q486972"
"http://dbpedia.org/resource/Chennai_North_(Lok_Sabha_constituency)?dbpv=2020-02&nif=table&ref=2_2&order=0","1","Q5"
"http://dbpedia.org/resource/Vadodara_(Lok_Sabha_constituency)?dbpv=2020-02&nif=table&ref=2_2&order=0","1","Q5"
"http://dbpedia.org/resource/Carnival_Music?dbpv=2020-02&nif=table&ref=2_2&order=0","1","Q134556"
"http://dbpedia.org/resource/Long_Red?dbpv=2020-02&nif=table&ref=1_2&order=0","1","Q134556"
"http://dbpedia.org/resource/Executions_during_the_Irish_Civil_War?dbpv=2020-02&nif=table&ref=8_2&order=0","1","Q5"
"http://dbpedia.org/resource/2002–03_FA_Premier_League?dbpv=2020-02&nif=table&ref=1.1_2&order=0","0","Q476028"
"http://dbpedia.org/resource/Olympic_Oath?dbpv=2020-02&nif=table&ref=2_2&order=0","0","Q82414 Q159821"
"http://dbpedia.org/resource/Districts_of_Uzbekistan?dbpv=2020-02&nif=table&ref=13_2&order=0","1","Q2631599"
"http://dbpedia.org/resource/Liga_MX_Femenil?dbpv=2020-02&nif=table&ref=2_2&order=0","0","Q476028"
"http://dbpedia.org/resource/ICC_Player_Rankings?dbpv=2020-02&nif=table&ref=3.3.1_2&order=0","1","Q5"
"http://dbpedia.org/resource/Irish_Sea?dbpv=2020-02&nif=table&ref=5_2&order=0","1","Q3957"
"http://dbpedia.org/resource/2017_Tokyo_Verdy_season?dbpv=2020-02&nif=table&ref=1_2&order=0","2","Q476028"
"http://dbpedia.org/resource/Golden_Globe_Award_for_Best_Supporting_Actress_–_Series,_Miniseries_or_Television_Film?dbpv=2020-02&nif=table&ref=1.2.4_2&order=0","1","Q5"
"http://dbpedia.org/resource/Primetime_Emmy_Award_for_Outstanding_Single-Camera_Picture_Editing_for_a_Drama_Series?dbpv=2020-02&nif=table&ref=1.5_3&order=0","2","Q21191270"
"http://dbpedia.org/resource/Primetime_Emmy_Award_for_Outstanding_Writing_for_a_Comedy_Series?dbpv=2020-02&nif=table&ref=1.2_2&order=0","1","Q5398426"
"http://dbpedia.org/resource/Bodil_Award_for_Best_Actress_in_a_Supporting_Role?dbpv=2020-02&nif=table&ref=5_2&order=0","1","Q5"
"http://dbpedia.org/resource/Punjabi_Virsa_2018?dbpv=2020-02&nif=table&ref=1_2&order=0","1","Q1549591"
"http://dbpedia.org/resource/List_of_museums_in_Macau?dbpv=2020-02&nif=table&ref=1_2&order=0","0","Q33506"
"http://dbpedia.org/resource/LTE_Advanced?dbpv=2020-02&nif=table&ref=3_2&order=0","0","Q4830453"
"http://dbpedia.org/resource/USA_Today_All-USA_high_school_football_team?dbpv=2020-02&nif=table&ref=1.7_3&order=0","0","Q5"
"http://dbpedia.org/resource/Omni_Hotels_&_Resorts?dbpv=2020-02&nif=table&ref=2.1_2&order=0","2","Q27686"
"http://dbpedia.org/resource/Air_Zimbabwe?dbpv=2020-02&nif=table&ref=3.2_2&order=0","2","Q644371 Q94993988"
"http://dbpedia.org/resource/2017_Asian_Athletics_Championships_–_Men's_200_metres?dbpv=2020-02&nif=table&ref=2.2_2&order=0","2","Q5"
"http://dbpedia.org/resource/Athletics_at_the_2019_African_Games_–_Men's_10,000_metres?dbpv=2020-02&nif=table&ref=1_2&order=0","1","Q5"
"http://dbpedia.org/resource/Athletics_at_the_1995_Summer_Universiade_–_Women's_400_metres?dbpv=2020-02&nif=table&ref=2.3_2&order=0","2","Q5"
"http://dbpedia.org/resource/State_road_D.750_(Turkey)?dbpv=2020-02&nif=table&ref=1_2&order=0","0","Q48336"
"http://dbpedia.org/resource/Blue_Water_(train)?dbpv=2020-02&nif=table&ref=2.1_2&order=0","3","Q22667"
"http://dbpedia.org/resource/Metra?dbpv=2020-02&nif=table&ref=5.1_2&order=0","1","Q19832486"
"http://dbpedia.org/resource/1958_in_Michigan?dbpv=2020-02&nif=table&ref=3.1_2&order=0","1","Q1093829"
"http://dbpedia.org/resource/2013–14_Frauen-Bundesliga?dbpv=2020-02&nif=table&ref=1_2&order=0","0","Q51481377"
"http://dbpedia.org/resource/1976_European_Athletics_Indoor_Championships_–_Men's_60_metres?dbpv=2020-02&nif=table&ref=2.1_2&order=0","2","Q5"
"http://dbpedia.org/resource/2016_in_UFC?dbpv=2020-02&nif=table&ref=4_2&order=0","1","Q16510064"
"http://dbpedia.org/resource/Miss_Tierra_República_Dominicana_2005?dbpv=2020-02&nif=table&ref=2_2&order=0","0","Q913337"
"http://dbpedia.org/resource/Taito_Memories?dbpv=2020-02&nif=table&ref=1.5_2&order=0","0","Q7889"
"http://dbpedia.org/resource/Arizona's_3rd_congressional_district?dbpv=2020-02&nif=table&ref=4_2&order=0","0","Q5"
"http://dbpedia.org/resource/Nakhodka?dbpv=2020-02&nif=table&ref=6_2&order=0","0","Q1549591 Q494721"
"http://dbpedia.org/resource/Missouri_House_of_Representatives?dbpv=2020-02&nif=table&ref=1.2_2&order=0","1","Q5"
"http://dbpedia.org/resource/X_the_album?dbpv=2020-02&nif=table&ref=1.2_2&order=0","1","Q134556"
"http://dbpedia.org/resource/Andipatti_(state_assembly_constituency)?dbpv=2020-02&nif=table&ref=2_2&order=0","0","Q40231"
"http://dbpedia.org/resource/Giro_di_Lombardia?dbpv=2020-02&nif=table&ref=3.1_2&order=0","1","Q5"
"http://dbpedia.org/resource/2002_European_Judo_Championships?dbpv=2020-02&nif=table&ref=2.1.1_2&order=0","1","Q5"
"http://dbpedia.org/resource/Football_League_system_in_Saudi_Arabia?dbpv=2020-02&nif=table&ref=2.1_2&order=0","0","Q476028"
"http://dbpedia.org/resource/Destination_X?dbpv=2020-02&nif=table&ref=1_2&order=0","1","Q1363997"
"http://dbpedia.org/resource/List_of_Ravn_Alaska_destinations?dbpv=2020-02&nif=table&ref=0_2&order=0","0","Q3301053 Q1549591 Q23442"
"http://dbpedia.org/resource/Chairman_of_Ways_and_Means?dbpv=2020-02&nif=table&ref=2_2&order=0","2","Q5"
"http://dbpedia.org/resource/Swimming_at_the_2002_Commonwealth_Games_–_Women's_50_metres_butterfly?dbpv=2020-02&nif=table&ref=1.3_2&order=0","3","Q5"
"http://dbpedia.org/resource/Kevin_Bacon?dbpv=2020-02&nif=table&ref=6.2_2&order=0","0","Q1407225"
"http://dbpedia.org/resource/1980_PGA_Championship?dbpv=2020-02&nif=table&ref=2.3_2&order=0","1","Q5"
"http://dbpedia.org/resource/Skyscraper_fire?dbpv=2020-02&nif=table&ref=1_2&order=0","0","Q11303"
"http://dbpedia.org/resource/2012_UCI_Track_Cycling_World_Championships_–_Men's_sprint?dbpv=2020-02&nif=table&ref=2.1_2&order=0","1","Q5"
"http://dbpedia.org/resource/Boycotts_of_Israel_in_sports?dbpv=2020-02&nif=table&ref=2.2_2&order=0","2","Q5"
"http://dbpedia.org/resource/Aashirvad_Cinemas?dbpv=2020-02&nif=table&ref=2_2&order=0","1","Q11424"
"http://dbpedia.org/resource/1969_European_Athletics_Championships_–_Women's_pentathlon?dbpv=2020-02&nif=table&ref=2.1_2&order=0","1","Q5"
"http://dbpedia.org/resource/27th_Quebec_Legislature?dbpv=2020-02&nif=table&ref=2_2&order=0","1","Q5"
"http://dbpedia.org/resource/Yo_soy_Betty,_la_fea?dbpv=2020-02&nif=table&ref=6_2&order=0","0","Q3624078"
"http://dbpedia.org/resource/Ongole_(Lok_Sabha_constituency)?dbpv=2020-02&nif=table&ref=2_2&order=0","1","Q5"
"http://dbpedia.org/resource/2016_Bora–Argon_18_season?dbpv=2020-02&nif=table&ref=2_2&order=0","1","Q18608583 Q22231109"
"http://dbpedia.org/resource/Andrew_Wyatt?dbpv=2020-02&nif=table&ref=2.1_2&order=0","1","Q134556"
"http://dbpedia.org/resource/2016–17_ABA_League?dbpv=2020-02&nif=table&ref=1.3_2&order=0","0","Q13393265"
"http://dbpedia.org/resource/Dowling_County?dbpv=2020-02&nif=table&ref=1_2&order=0","0","Q3257686"
"http://dbpedia.org/resource/COMANF?dbpv=2020-02&nif=table&ref=3_2&order=0","1","Q190570"
"http://dbpedia.org/resource/Manamadurai_(state_assembly_constituency)?dbpv=2020-02&nif=table&ref=2_2&order=0","1","Q5"
"http://dbpedia.org/resource/1992_U.S._Women's_Open_Golf_Championship?dbpv=2020-02&nif=table&ref=1.1_2&order=0","0","Q5"
"http://dbpedia.org/resource/Avianca_Cargo?dbpv=2020-02&nif=table&ref=2_3&order=0","1","Q1549591"
"http://dbpedia.org/resource/Sarbananda_Sonowal_ministry?dbpv=2020-02&nif=table&ref=1_2&order=0","1","Q5"
"http://dbpedia.org/resource/Banaskantha_(Lok_Sabha_constituency)?dbpv=2020-02&nif=table&ref=1_2&order=0","1","Q5"
"http://dbpedia.org/resource/Toronto_Film_Critics_Association_Award_for_Best_Actress?dbpv=2020-02&nif=table&ref=1.3_2&order=0","1","Q5"
"http://dbpedia.org/resource/Commonwealth_Heads_of_Government_Meeting_2013?dbpv=2020-02&nif=table&ref=5_2&order=0","0","Q3624078"
"http://dbpedia.org/resource/The_Age_of_Bronze?dbpv=2020-02&nif=table&ref=1_2&order=0","0","Q207694"
"http://dbpedia.org/resource/Football_at_the_1952_Summer_Olympics_–_Men's_team_squads?dbpv=2020-02&nif=table&ref=15_2&order=0","1","Q5"
"http://dbpedia.org/resource/1962_Masters_Tournament?dbpv=2020-02&nif=table&ref=2.3_2&order=0","1","Q5"
"http://dbpedia.org/resource/Victory_Day?dbpv=2020-02&nif=table&ref=1_2&order=0","0","Q3624078 Q619610"
"http://dbpedia.org/resource/Grand_Prix_(Annecy_Film_Festival)?dbpv=2020-02&nif=table&ref=1_2&order=0","1","Q11424"
"http://dbpedia.org/resource/Bahrain_International_Airport?dbpv=2020-02&nif=table&ref=4.2_2&order=0","1","Q1549591"
"http://dbpedia.org/resource/Daniela_Graglia?dbpv=2020-02&nif=table&ref=2_2&order=0","1","Q725169 Q772787"
"http://dbpedia.org/resource/Athletics_at_the_2007_Summer_Universiade_–_Men's_decathlon?dbpv=2020-02&nif=table&ref=3.10_2&order=0","1","Q5"
"http://dbpedia.org/resource/Frank_Capra?dbpv=2020-02&nif=table&ref=11.1_3&order=0","1","Q11424"
"http://dbpedia.org/resource/Outline_of_Romania?dbpv=2020-02&nif=table&ref=2.2.1_4&order=0","0","Q1776764"
"http://dbpedia.org/resource/Betty_Compson_filmography?dbpv=2020-02&nif=table&ref=2.1_2&order=0","1","Q11424"
"http://dbpedia.org/resource/2008_UEC_European_Track_Championships_–_Women's_under-23_individual_pursuit?dbpv=2020-02&nif=table&ref=3.1_2&order=0","1","Q5"
"http://dbpedia.org/resource/Athletics_at_the_2007_Summer_Universiade_–_Men's_400_metres?dbpv=2020-02&nif=table&ref=2.1_2&order=0","2","Q5"
"http://dbpedia.org/resource/24th_Parliament_of_British_Columbia?dbpv=2020-02&nif=table&ref=1_2&order=0","1","Q5"
"http://dbpedia.org/resource/2015_WGC-Cadillac_Championship?dbpv=2020-02&nif=table&ref=3.2_2&order=0","1","Q5"
"http://dbpedia.org/resource/Premier_Badminton_League?dbpv=2020-02&nif=table&ref=5_5&order=0","1","Q5"
"http://dbpedia.org/resource/List_of_2009_albums?dbpv=2020-02&nif=table&ref=2.1_2&order=0","1","Q215380"
"http://dbpedia.org/resource/100_Classic_Book_Collection?dbpv=2020-02&nif=table&ref=1.1.2_2&order=0","0","Q7725634"
"http://dbpedia.org/resource/Charles_Ramsay_Trophy?dbpv=2020-02&nif=table&ref=1_2&order=0","1","Q5"
"http://dbpedia.org/resource/I-Fly?dbpv=2020-02&nif=table&ref=1_2&order=0","2","Q94993988 Q1248784"
"http://dbpedia.org/resource/2016_FINA_World_Swimming_Championships_(25_m)_–_Women's_400_metre_individual_medley?dbpv=2020-02&nif=table&ref=2.1_2&order=0","3","Q5"
"http://dbpedia.org/resource/Shital_Thakkar?dbpv=2020-02&nif=table&ref=2_2&order=0","1","Q5398426"
"http://dbpedia.org/resource/2016_African_Championships_in_Athletics_–_Women's_400_metres?dbpv=2020-02&nif=table&ref=2.1_2&order=0","2","Q5"
"http://dbpedia.org/resource/Seven_Network_Olympic_broadcasts?dbpv=2020-02&nif=table&ref=5_2&order=0","0","Q159821"
"http://dbpedia.org/resource/List_of_restaurant_chains_in_the_United_States?dbpv=2020-02&nif=table&ref=1.2_2&order=0","0","Q4830453"
"http://dbpedia.org/resource/Teen_Choice_Awards?dbpv=2020-02&nif=table&ref=2_2&order=0","0","Q4504495"
"http://dbpedia.org/resource/Independent_Spirit_Award_for_Best_Supporting_Male?dbpv=2020-02&nif=table&ref=1.4_2&order=0","1","Q5"
"http://dbpedia.org/resource/Yū_Aoi?dbpv=2020-02&nif=table&ref=2.1_2&order=0","1","Q11424"
"http://dbpedia.org/resource/2017–18_Bundesliga?dbpv=2020-02&nif=table&ref=2.2_2&order=0","0","Q476028"
"http://dbpedia.org/resource/2003–04_St._Louis_Blues_season?dbpv=2020-02&nif=table&ref=9_2&order=0","2","Q5"
"http://dbpedia.org/resource/2016_Indonesia_Soccer_Championship_A?dbpv=2020-02&nif=table&ref=1.2_2&order=0","0","Q476028"
"http://dbpedia.org/resource/Alex_Chu?dbpv=2020-02&nif=table&ref=4.1_2&order=0","1","Q5398426"
"http://dbpedia.org/resource/Primetime_Emmy_Award_for_Outstanding_Main_Title_Design?dbpv=2020-02&nif=table&ref=1.5_2&order=0","2","Q5"
"http://dbpedia.org/resource/1990_U.S._Women's_Open_Golf_Championship?dbpv=2020-02&nif=table&ref=2.3_2&order=0","1","Q5"
"http://dbpedia.org/resource/Mayor_of_Chicago?dbpv=2020-02&nif=table&ref=4.2_2&order=0","2","Q5"
"http://dbpedia.org/resource/34th_Parliament_of_British_Columbia?dbpv=2020-02&nif=table&ref=1_2&order=0","1","Q5"
"http://dbpedia.org/resource/Stabilimento_Tecnico_Triestino?dbpv=2020-02&nif=table&ref=2.1_2&order=0","0","Q1051067"
"http://dbpedia.org/resource/David_Crane_(programmer)?dbpv=2020-02&nif=table&ref=1_3&order=0","1","Q7889"
"http://dbpedia.org/resource/1950–51_La_Liga?dbpv=2020-02&nif=table&ref=2_2&order=0","0","Q476028"
"http://dbpedia.org/resource/2009_World_Fencing_Championships?dbpv=2020-02&nif=table&ref=3.1.3_2&order=0","1","Q5"
"http://dbpedia.org/resource/2007_European_Judo_Championships?dbpv=2020-02&nif=table&ref=2.1.5_2&order=0","1","Q5"
"http://dbpedia.org/resource/Isabella_I_of_Castile?dbpv=2020-02&nif=table&ref=8.1_2&order=0","1","Q11424"
"http://dbpedia.org/resource/2000_European_Judo_Championships?dbpv=2020-02&nif=table&ref=2.1.8_2&order=0","1","Q5"
"http://dbpedia.org/resource/Sathya_Jyothi_Films?dbpv=2020-02&nif=table&ref=2.1_2&order=0","1","Q11424"
"http://dbpedia.org/resource/Satya_Hegde?dbpv=2020-02&nif=table&ref=3_2&order=0","1","Q11424"
"http://dbpedia.org/resource/List_of_best-selling_albums_in_Spain?dbpv=2020-02&nif=table&ref=1_2&order=0","2","Q5"
"http://dbpedia.org/resource/List_of_2009_albums?dbpv=2020-02&nif=table&ref=4.3_2&order=0","1","Q5"
"http://dbpedia.org/resource/Telephone_numbers_in_the_Philippines?dbpv=2020-02&nif=table&ref=1.8_2&order=0","0","Q1549591 Q104157"
"http://dbpedia.org/resource/Vedha_(music_director)?dbpv=2020-02&nif=table&ref=4_2&order=0","1","Q11424"
"http://dbpedia.org/resource/Sports_in_Pune?dbpv=2020-02&nif=table&ref=2_2&order=0","0","Q476028"
"http://dbpedia.org/resource/2006_Ibero-American_Championships_in_Athletics_–_Results?dbpv=2020-02&nif=table&ref=1.5_2&order=0","1","Q5"
"http://dbpedia.org/resource/1st_Annual_NFL_Honors?dbpv=2020-02&nif=table&ref=1_2&order=0","0","Q618779"
"http://dbpedia.org/resource/Sucker_Punch_Productions?dbpv=2020-02&nif=table&ref=2_2&order=0","1","Q7889"
"http://dbpedia.org/resource/Kumar_Gaurav?dbpv=2020-02&nif=table&ref=3_2&order=0","1","Q11424"
"http://dbpedia.org/resource/Ebertfest?dbpv=2020-02&nif=table&ref=7.7_2&order=0","0","Q11424"
"http://dbpedia.org/resource/Saharanpur_(Lok_Sabha_constituency)?dbpv=2020-02&nif=table&ref=2_2&order=0","1","Q5"
"http://dbpedia.org/resource/Études_(Chopin)?dbpv=2020-02&nif=table&ref=2.1_2&order=0","0","Q207841"
"http://dbpedia.org/resource/70th_Primetime_Emmy_Awards?dbpv=2020-02&nif=table&ref=3_2&order=0","1","Q5398426"
"http://dbpedia.org/resource/Tucumán_Province?dbpv=2020-02&nif=table&ref=7_2&order=0","0","Q952274"
"http://dbpedia.org/resource/Matt_Hyde_(British_producer)?dbpv=2020-02&nif=table&ref=2_2&order=0","0","Q482994 Q215380"
"http://dbpedia.org/resource/Woodstock_(UK_Parliament_constituency)?dbpv=2020-02&nif=table&ref=3.3_2&order=0","2","Q5"
"http://dbpedia.org/resource/1999_AFL_draft?dbpv=2020-02&nif=table&ref=2_2&order=0","2","Q5"
"http://dbpedia.org/resource/Research_reactor?dbpv=2020-02&nif=table&ref=6_3&order=0","0","Q1438105"
"http://dbpedia.org/resource/Public_sector_undertakings_in_Kerala?dbpv=2020-02&nif=table&ref=1_2&order=0","1","Q4830453"
"http://dbpedia.org/resource/FC_Gomel?dbpv=2020-02&nif=table&ref=5_2&order=0","1","Q1478437 Q18608583 Q34542757"
"http://dbpedia.org/resource/2017_NCAA_Men's_Basketball_All-Americans?dbpv=2020-02&nif=table&ref=2.1_2&order=0","0","Q5"
"http://dbpedia.org/resource/2016_IAAF_World_Indoor_Championships_–_Men's_400_metres?dbpv=2020-02&nif=table&ref=1.1_2&order=0","2","Q5"
"http://dbpedia.org/resource/List_of_weather_services?dbpv=2020-02&nif=table&ref=1_2&order=0","0","Q28060193"
"http://dbpedia.org/resource/Kunming?dbpv=2020-02&nif=table&ref=12_2&order=0","0","Q1549591"
"http://dbpedia.org/resource/To_Hal_and_Bacharach?dbpv=2020-02&nif=table&ref=1_2&order=0","1","Q134556"
"http://dbpedia.org/resource/World_Scout_Jamboree?dbpv=2020-02&nif=table&ref=5_2&order=0","1","Q843065"
"http://dbpedia.org/resource/Critics'_Choice_Movie_Award_for_Best_Costume_Design?dbpv=2020-02&nif=table&ref=1.2_2&order=0","1","Q11424"
"http://dbpedia.org/resource/Tanks_of_Iraq?dbpv=2020-02&nif=table&ref=4.1.2_2&order=0","0","Q920182"
"http://dbpedia.org/resource/National_numbering_agency?dbpv=2020-02&nif=table&ref=1_2&order=0","0","Q3624078"
"http://dbpedia.org/resource/Regions_of_Mauritania?dbpv=2020-02&nif=table&ref=0_1&order=0","1","Q846327"
"http://dbpedia.org/resource/Broadcast_News_(film)?dbpv=2020-02&nif=table&ref=4.3_2&order=0","0","Q618779"
"http://dbpedia.org/resource/Local_government_areas_of_Scotland_(1973–1996)?dbpv=2020-02&nif=table&ref=4_2&order=0","1","Q21457810"
"http://dbpedia.org/resource/Mitchell_Leisen?dbpv=2020-02&nif=table&ref=4_2&order=0","1","Q11424"
"http://dbpedia.org/resource/November_Project?dbpv=2020-02&nif=table&ref=2_2&order=0","0","Q1549591 Q21518270"
"http://dbpedia.org/resource/Efforts_to_impeach_Dick_Cheney?dbpv=2020-02&nif=table&ref=2_2&order=0","0","Q5"
"http://dbpedia.org/resource/TalonSoft?dbpv=2020-02&nif=table&ref=2_2&order=0","0","Q7889"
"http://dbpedia.org/resource/Athletics_at_the_1998_Goodwill_Games_–_Results?dbpv=2020-02&nif=table&ref=1.9_2&order=0","1","Q5"
"http://dbpedia.org/resource/Type_209_submarine?dbpv=2020-02&nif=table&ref=8_2&order=0","4","Q4818021"
"http://dbpedia.org/resource/Bluebird_Airways?dbpv=2020-02&nif=table&ref=2_2&order=0","2","Q94993988"
"http://dbpedia.org/resource/Raipur_(Lok_Sabha_constituency)?dbpv=2020-02&nif=table&ref=1_2&order=0","1","Q5"
"http://dbpedia.org/resource/Grammy_Nominees?dbpv=2020-02&nif=table&ref=3_3&order=0","1","Q134556"
"http://dbpedia.org/resource/2016–17_Hoofdklasse?dbpv=2020-02&nif=table&ref=2.1_2&order=0","0","Q14752149"
"http://dbpedia.org/resource/Lancaster_County,_Pennsylvania?dbpv=2020-02&nif=table&ref=6.6_2&order=0","1","Q5"
"http://dbpedia.org/resource/2010_Players_Championship?dbpv=2020-02&nif=table&ref=3.3_2&order=0","1","Q5"
"http://dbpedia.org/resource/2012_KHL_Junior_Draft?dbpv=2020-02&nif=table&ref=1.4_2&order=0","1","Q5"
"http://dbpedia.org/resource/2011_LPGA_Championship?dbpv=2020-02&nif=table&ref=3.2_2&order=0","1","Q5"
"http://dbpedia.org/resource/56th_New_Brunswick_Legislature?dbpv=2020-02&nif=table&ref=2_2&order=0","1","Q5"
"http://dbpedia.org/resource/List_of_The_Closer_characters?dbpv=2020-02&nif=table&ref=1_2&order=0","0","Q15773317 Q15632617"
"http://dbpedia.org/resource/Looney_Tunes_and_Merrie_Melodies_filmography_(1960–1969)?dbpv=2020-02&nif=table&ref=2_2&order=0","1","Q17517379"
"http://dbpedia.org/resource/List_of_monarchs_of_Prussia?dbpv=2020-02&nif=table&ref=2_2&order=0","0","Q5"
"http://dbpedia.org/resource/Julio_Macat?dbpv=2020-02&nif=table&ref=3_3&order=0","1","Q11424"
"http://dbpedia.org/resource/Super_thermal_power_station?dbpv=2020-02&nif=table&ref=1_2&order=0","1","Q6558431"
"http://dbpedia.org/resource/The_Rolling_Stones_American_Tour_1966?dbpv=2020-02&nif=table&ref=3_2&order=0","1","Q1093829 Q1549591"
"http://dbpedia.org/resource/1988_Masters_Tournament?dbpv=2020-02&nif=table&ref=2.2_2&order=0","1","Q5"
"http://dbpedia.org/resource/Grand_Prix_(Belgian_Film_Critics_Association)?dbpv=2020-02&nif=table&ref=1.5_2&order=0","1","Q11424"
"http://dbpedia.org/resource/NAACP_Image_Award_for_Outstanding_Supporting_Actress_in_a_Motion_Picture?dbpv=2020-02&nif=table&ref=1.5_2&order=0","1","Q5"
"http://dbpedia.org/resource/2012_Berlin_Marathon?dbpv=2020-02&nif=table&ref=1.1_3&order=0","1","Q5"
"http://dbpedia.org/resource/Mister_World_1998?dbpv=2020-02&nif=table&ref=2_2&order=0","0","Q3624078"
"http://dbpedia.org/resource/Damen_Schelde_Naval_Shipbuilding?dbpv=2020-02&nif=table&ref=3_6&order=0","0","Q161705"
"http://dbpedia.org/resource/List_of_BMW_concept_vehicles?dbpv=2020-02&nif=table&ref=0_1&order=0","1","Q3231690"
"http://dbpedia.org/resource/24th_Quebec_Legislature?dbpv=2020-02&nif=table&ref=2_2&order=0","1","Q5"
"http://dbpedia.org/resource/List_of_Latin_translations_of_modern_literature?dbpv=2020-02&nif=table&ref=1_2&order=0","0","Q25379"
"http://dbpedia.org/resource/State_attorney_general?dbpv=2020-02&nif=table&ref=3_2&order=0","0","Q5"
"http://dbpedia.org/resource/1958_European_Athletics_Championships_–_Men's_hammer_throw?dbpv=2020-02&nif=table&ref=2.1_2&order=0","1","Q5"
"http://dbpedia.org/resource/List_of_A.S._Roma_players_(25–99_appearances)?dbpv=2020-02&nif=table&ref=1_2&order=0","0","Q5"
"http://dbpedia.org/resource/Srikantadatta_Narasimha_Raja_Wadeyar_Ground?dbpv=2020-02&nif=table&ref=7_2&order=0","1","Q5"
"http://dbpedia.org/resource/List_of_museums_in_Essex?dbpv=2020-02&nif=table&ref=1_2&order=0","0","Q2087181 Q1595639"
"http://dbpedia.org/resource/Walter_Payton_Award?dbpv=2020-02&nif=table&ref=1_2&order=0","1","Q5"
"http://dbpedia.org/resource/1979_in_Michigan?dbpv=2020-02&nif=table&ref=2.1_2&order=0","1","Q1093829"
"http://dbpedia.org/resource/40th_General_Assembly_of_Newfoundland?dbpv=2020-02&nif=table&ref=1_2&order=0","0","Q5"
"http://dbpedia.org/resource/Second_Cabinet_of_Donald_Tusk?dbpv=2020-02&nif=table&ref=0_1&order=0","0","Q294414"
"http://dbpedia.org/resource/Jeremy_Irons_on_stage_and_screen?dbpv=2020-02&nif=table&ref=2_2&order=0","1","Q11424"
"http://dbpedia.org/resource/Vivek_Oberoi?dbpv=2020-02&nif=table&ref=6_2&order=0","0","Q56116950 Q618779"
"http://dbpedia.org/resource/2017_Senior_Open_Championship?dbpv=2020-02&nif=table&ref=3.3_2&order=0","1","Q5"
"http://dbpedia.org/resource/2000–01_Primera_División_A_season?dbpv=2020-02&nif=table&ref=2_2&order=0","0","Q476028"
"http://dbpedia.org/resource/2015_Tokyo_Marathon?dbpv=2020-02&nif=table&ref=1.1_2&order=0","1","Q5"
"http://dbpedia.org/resource/Ynna_Asistio?dbpv=2020-02&nif=table&ref=2_2&order=0","1","Q5398426"
"http://dbpedia.org/resource/Tri-County_Conference_(Northern_Indiana)?dbpv=2020-02&nif=table&ref=1_2&order=0","0","Q9826 Q15127012"
"http://dbpedia.org/resource/Athletics_at_the_2011_Summer_Universiade_–_Men's_long_jump?dbpv=2020-02&nif=table&ref=2.2_2&order=0","1","Q5"
"http://dbpedia.org/resource/33rd_Canadian_Parliament?dbpv=2020-02&nif=table&ref=2.10_2&order=0","1","Q5"
"http://dbpedia.org/resource/Producers_Guild_Film_Award_for_Best_Actress_in_a_Supporting_Role?dbpv=2020-02&nif=table&ref=2.1_2&order=0","1","Q5"
"http://dbpedia.org/resource/Le_Splendid?dbpv=2020-02&nif=table&ref=4_2&order=0","1","Q11424"
"http://dbpedia.org/resource/2013_U.S._Open_(golf)?dbpv=2020-02&nif=table&ref=4.2_2&order=0","1","Q5"
"http://dbpedia.org/resource/Brittany_Ferries?dbpv=2020-02&nif=table&ref=2.1_2&order=0","0","Q11446"
"http://dbpedia.org/resource/1995–96_Birmingham_City_F.C._season?dbpv=2020-02&nif=table&ref=5.1_2&order=0","1","Q5"
"http://dbpedia.org/resource/29th_Quebec_Legislature?dbpv=2020-02&nif=table&ref=2_2&order=0","1","Q5"
"http://dbpedia.org/resource/2018_IAAF_Continental_Cup_–_Results?dbpv=2020-02&nif=table&ref=1.2.5_2&order=0","1","Q5"
"http://dbpedia.org/resource/1947_BAA_draft?dbpv=2020-02&nif=table&ref=4_2&order=0","2","Q5"
"http://dbpedia.org/resource/Nalanda_(Lok_Sabha_constituency)?dbpv=2020-02&nif=table&ref=2_2&order=0","1","Q5"
"http://dbpedia.org/resource/Danny_Boy?dbpv=2020-02&nif=table&ref=6_2&order=0","1","Q5"
"http://dbpedia.org/resource/2019_Senior_Open_Championship?dbpv=2020-02&nif=table&ref=3.2_2&order=0","1","Q5"
"http://dbpedia.org/resource/2011–12_Southeastern_Conference_men's_basketball_season?dbpv=2020-02&nif=table&ref=4.5_2&order=0","2","Q5"
"http://dbpedia.org/resource/Balaji_Motion_Pictures?dbpv=2020-02&nif=table&ref=3_2&order=0","2","Q11424"
"http://dbpedia.org/resource/New_York_Asian_Film_Festival?dbpv=2020-02&nif=table&ref=1.12_2&order=0","1","Q11424"
"http://dbpedia.org/resource/MonoGame?dbpv=2020-02&nif=table&ref=3_2&order=0","0","Q7889"
"http://dbpedia.org/resource/1987_U.S._Open_(golf)?dbpv=2020-02&nif=table&ref=3.1_2&order=0","1","Q5"
"http://dbpedia.org/resource/1985_PGA_Championship?dbpv=2020-02&nif=table&ref=3.2_2&order=0","1","Q5"
"http://dbpedia.org/resource/2019_NBA_draft?dbpv=2020-02&nif=table&ref=2_2&order=0","0","Q5"
"http://dbpedia.org/resource/Centennial_Conference?dbpv=2020-02&nif=table&ref=2.1_2&order=0","0","Q23002054"
"http://dbpedia.org/resource/Amreli_(Lok_Sabha_constituency)?dbpv=2020-02&nif=table&ref=2_2&order=0","1","Q5"
"http://dbpedia.org/resource/47th_Berlin_International_Film_Festival?dbpv=2020-02&nif=table&ref=2_2&order=0","0","Q11424"
"http://dbpedia.org/resource/List_of_modern_names_for_biblical_place_names?dbpv=2020-02&nif=table&ref=2_2&order=0","0","Q839954"
"http://dbpedia.org/resource/President_of_the_National_Council_(Austria)?dbpv=2020-02&nif=table&ref=4.3_3&order=0","0","Q5"
"http://dbpedia.org/resource/Hello_(band)?dbpv=2020-02&nif=table&ref=3.1_2&order=0","0","Q134556"
"http://dbpedia.org/resource/List_of_current_presidents_of_legislatures?dbpv=2020-02&nif=table&ref=1_2&order=0","0","Q3624078"
"http://dbpedia.org/resource/1979_Tournament_Players_Championship?dbpv=2020-02&nif=table&ref=3.2_2&order=0","1","Q5"
"http://dbpedia.org/resource/List_of_places_in_Pennsylvania:_M?dbpv=2020-02&nif=table&ref=0_1&order=0","0","Q9035798"
"http://dbpedia.org/resource/Zoolander_2?dbpv=2020-02&nif=table&ref=6.3_2&order=0","1","Q40237"
"http://dbpedia.org/resource/Association_football_in_the_Republic_of_Ireland?dbpv=2020-02&nif=table&ref=7_2&order=0","0","Q483110"
"http://dbpedia.org/resource/1975_in_Japanese_television?dbpv=2020-02&nif=table&ref=3_2&order=0","0","Q5398426"
"http://dbpedia.org/resource/Scottish_Men's_Curling_Championship?dbpv=2020-02&nif=table&ref=1_2&order=0","1","Q5"
"http://dbpedia.org/resource/1995_Rugby_World_Cup_statistics?dbpv=2020-02&nif=table&ref=3_2&order=0","0","Q5"
"http://dbpedia.org/resource/RK_Lovćen?dbpv=2020-02&nif=table&ref=4.2_2&order=0","3","Q3624078"
"http://dbpedia.org/resource/ONCE_(cycling_team)?dbpv=2020-02&nif=table&ref=2.4_2&order=0","1","Q18608583"
"http://dbpedia.org/resource/2009_UCI_Track_Cycling_World_Championships_–_Men's_individual_pursuit?dbpv=2020-02&nif=table&ref=2_2&order=0","1","Q5"
"http://dbpedia.org/resource/Wichita_State_Shockers_men's_basketball?dbpv=2020-02&nif=table&ref=6.2_2&order=0","0","Q5"
"http://dbpedia.org/resource/2015_UEC_European_Track_Championships_–_Women's_scratch?dbpv=2020-02&nif=table&ref=1_2&order=0","1","Q5"
"http://dbpedia.org/resource/1936_United_States_men's_Olympic_basketball_team?dbpv=2020-02&nif=table&ref=1_2&order=0","0","Q5"
"http://dbpedia.org/resource/1992_Major_League_Baseball_draft?dbpv=2020-02&nif=table&ref=2_3&order=0","1","Q5"
"http://dbpedia.org/resource/1992_Cricket_World_Cup_statistics?dbpv=2020-02&nif=table&ref=2.1_2&order=0","0","Q5"
"http://dbpedia.org/resource/Looney_Tunes_and_Merrie_Melodies_filmography_(1960–1969)?dbpv=2020-02&nif=table&ref=5_2&order=0","1","Q17517379"
"http://dbpedia.org/resource/15th_Busan_International_Film_Festival?dbpv=2020-02&nif=table&ref=1.8_2&order=0","0","Q11424"
"http://dbpedia.org/resource/San_Diego_Film_Critics_Society_Award_for_Best_Original_Screenplay?dbpv=2020-02&nif=table&ref=1.2_2&order=0","1","Q11424"
"http://dbpedia.org/resource/2002_Shanghai_International_Film_Festival?dbpv=2020-02&nif=table&ref=2_2&order=0","0","Q11424"
"http://dbpedia.org/resource/1995_IAAF_World_Indoor_Championships_–_Women's_long_jump?dbpv=2020-02&nif=table&ref=2.2_2&order=0","1","Q5"
"http://dbpedia.org/resource/Deathlands?dbpv=2020-02&nif=table&ref=4_2&order=0","1","Q7725634"
"http://dbpedia.org/resource/Miss_Ecuador_2015?dbpv=2020-02&nif=table&ref=2_2&order=0","1","Q5"
"http://dbpedia.org/resource/Athletics_at_the_2001_Mediterranean_Games_–_Results?dbpv=2020-02&nif=table&ref=1.6_2&order=0","1","Q5"
"http://dbpedia.org/resource/2016–17_Pro_A_season?dbpv=2020-02&nif=table&ref=1.2_2&order=0","0","Q13393265"
"http://dbpedia.org/resource/2016_FIVB_Volleyball_World_League_squads?dbpv=2020-02&nif=table&ref=1.6_3&order=0","1","Q5"
"http://dbpedia.org/resource/List_of_Delaware_Fightin'_Blue_Hens_in_the_NFL_Draft?dbpv=2020-02&nif=table&ref=2.2_2&order=0","4","Q5"
"http://dbpedia.org/resource/Baseball_park?dbpv=2020-02&nif=table&ref=4.5_2&order=0","0","Q483110"
"http://dbpedia.org/resource/List_of_companies_of_Lithuania?dbpv=2020-02&nif=table&ref=1_2&order=0","0","Q4830453"
"http://dbpedia.org/resource/1992_IAAF_World_Cross_Country_Championships_–_Senior_women's_race?dbpv=2020-02&nif=table&ref=1.1.1_2&order=0","1","Q5"
"http://dbpedia.org/resource/2013_Campeonato_Cearense?dbpv=2020-02&nif=table&ref=2_2&order=0","0","Q476028"
"http://dbpedia.org/resource/Paul_Giamatti?dbpv=2020-02&nif=table&ref=5.1_2&order=0","1","Q11424"
"http://dbpedia.org/resource/List_of_international_five_wicket_hauls_at_Sharjah_Cricket_Stadium?dbpv=2020-02&nif=table&ref=3_2&order=0","1","Q5"
"http://dbpedia.org/resource/2015_Open_Championship?dbpv=2020-02&nif=table&ref=2.2.2_2&order=0","0","Q5"
"http://dbpedia.org/resource/2004_U.S._Open_(golf)?dbpv=2020-02&nif=table&ref=5.2_2&order=0","1","Q5"
"http://dbpedia.org/resource/Heartland_Collegiate_Conference?dbpv=2020-02&nif=table&ref=1_2&order=0","0","Q23002054"
"http://dbpedia.org/resource/Tara_Air?dbpv=2020-02&nif=table&ref=2_2&order=0","0","Q1549591"
"http://dbpedia.org/resource/1961_PGA_Championship?dbpv=2020-02&nif=table&ref=2.3_2&order=0","1","Q5"
"http://dbpedia.org/resource/CinéMagique?dbpv=2020-02&nif=table&ref=3_2&order=0","0","Q11424"
"http://dbpedia.org/resource/James_Horner?dbpv=2020-02&nif=table&ref=6.1.3_2&order=0","1","Q11424"
"http://dbpedia.org/resource/2011_European_Team_Championships_Super_League?dbpv=2020-02&nif=table&ref=3.18_2&order=0","1","Q5"
"http://dbpedia.org/resource/2010–11_HockeyAllsvenskan_season?dbpv=2020-02&nif=table&ref=1_2&order=0","0","Q4498974"
"http://dbpedia.org/resource/2005_Asian_Athletics_Championships_–_Men's_100_metres?dbpv=2020-02&nif=table&ref=2.2_2&order=0","2","Q5"
"http://dbpedia.org/resource/Gwendoline_Christie?dbpv=2020-02&nif=table&ref=4.1_2&order=0","1","Q11424"
"http://dbpedia.org/resource/Alton_Towers?dbpv=2020-02&nif=table&ref=2.1_2&order=0","0","Q2389789"
"http://dbpedia.org/resource/Australian_Football_Hall_of_Fame?dbpv=2020-02&nif=table&ref=3_2&order=0","0","Q5"
"http://dbpedia.org/resource/Li_Yi'nan?dbpv=2020-02&nif=table&ref=2_2&order=0","1","Q476028"
"http://dbpedia.org/resource/1962_PGA_Championship?dbpv=2020-02&nif=table&ref=2.1_2&order=0","1","Q5"
"http://dbpedia.org/resource/Nick_Chou?dbpv=2020-02&nif=table&ref=4.1_2&order=0","1","Q1637706"
"http://dbpedia.org/resource/NBC_Olympic_broadcasts?dbpv=2020-02&nif=table&ref=3_2&order=0","0","Q159821"
"http://dbpedia.org/resource/2016_WGC-Cadillac_Championship?dbpv=2020-02&nif=table&ref=3.3_2&order=0","1","Q5"
"http://dbpedia.org/resource/District_(Austria)?dbpv=2020-02&nif=table&ref=5_2&order=0","1","Q871419"
"http://dbpedia.org/resource/Prefontaine_Classic?dbpv=2020-02&nif=table&ref=4.1_2&order=0","0","Q2312410"
"http://dbpedia.org/resource/2013_World_Single_Distance_Speed_Skating_Championships_–_Women's_3000_metres?dbpv=2020-02&nif=table&ref=1_2&order=0","3","Q5"
"http://dbpedia.org/resource/Major_professional_sports_teams_of_the_United_States_and_Canada?dbpv=2020-02&nif=table&ref=2_2&order=0","0","Q4498974 Q13027888 Q17156793 Q13393265"
"http://dbpedia.org/resource/Chris_Braide?dbpv=2020-02&nif=table&ref=1_2&order=0","1","Q5"
"http://dbpedia.org/resource/Robert_Ludlum_bibliography?dbpv=2020-02&nif=table&ref=1_2&order=0","0","Q47461344"
"http://dbpedia.org/resource/The_Big_C_(TV_series)?dbpv=2020-02&nif=table&ref=4_2&order=0","2","Q38033430 Q1044427"
"http://dbpedia.org/resource/FC_Nordsjælland_in_European_football?dbpv=2020-02&nif=table&ref=1_2&order=0","1","Q1478437 Q18608583 Q34542757"
"http://dbpedia.org/resource/Metashape?dbpv=2020-02&nif=table&ref=1_2&order=0","1","Q7889"
"http://dbpedia.org/resource/Data_Documentation_Initiative?dbpv=2020-02&nif=table&ref=1_2&order=0","0","Q31855"
"http://dbpedia.org/resource/List_of_Brigade_of_Guards_recipients_of_the_Victoria_Cross?dbpv=2020-02&nif=table&ref=1_2&order=0","0","Q5"
"http://dbpedia.org/resource/Dingdong_Dantes?dbpv=2020-02&nif=table&ref=3.1.1_2&order=0","1","Q5398426"
"http://dbpedia.org/resource/List_of_women's_Twenty20_International_cricket_grounds?dbpv=2020-02&nif=table&ref=1_2&order=0","1","Q682943"
"http://dbpedia.org/resource/2016_IAAF_World_Indoor_Championships_–_Men's_1500_metres?dbpv=2020-02&nif=table&ref=1.1_2&order=0","2","Q5"
"http://dbpedia.org/resource/1974_U.S._Open_(golf)?dbpv=2020-02&nif=table&ref=2.3_2&order=0","1","Q5"
"http://dbpedia.org/resource/2018–19_Cheltenham_Town_F.C._season?dbpv=2020-02&nif=table&ref=3.1_2&order=0","3","Q5"
"http://dbpedia.org/resource/Jesse_Saint_John?dbpv=2020-02&nif=table&ref=3.4_2&order=0","0","Q134556"
"http://dbpedia.org/resource/2016_FINA_World_Swimming_Championships_(25_m)_–_Women's_100_metre_individual_medley?dbpv=2020-02&nif=table&ref=2.1_2&order=0","3","Q5"
"http://dbpedia.org/resource/Quinebaug_River?dbpv=2020-02&nif=table&ref=3_2&order=0","3","Q34442"
"http://dbpedia.org/resource/Second_Professional_Football_League_(Bulgaria)?dbpv=2020-02&nif=table&ref=2_2&order=0","0","Q476028"
"http://dbpedia.org/resource/List_of_cities_in_Minnesota?dbpv=2020-02&nif=table&ref=1_2&order=0","1","Q1093829"
"http://dbpedia.org/resource/Connecticut's_26th_Senate_district?dbpv=2020-02&nif=table&ref=1_2&order=0","0","Q5"
"http://dbpedia.org/resource/Svenska_idrottsgalan?dbpv=2020-02&nif=table&ref=1.2_2&order=0","1","Q5"
"http://dbpedia.org/resource/2000_Masters_Tournament?dbpv=2020-02&nif=table&ref=3.2_2&order=0","1","Q5"
"http://dbpedia.org/resource/SalamAir?dbpv=2020-02&nif=table&ref=3_2&order=0","2","Q94993988"
"http://dbpedia.org/resource/Route_8_(Paraguay)?dbpv=2020-02&nif=table&ref=1_2&order=0","1","Q917092"
"http://dbpedia.org/resource/Udaari?dbpv=2020-02&nif=table&ref=6.7_2&order=0","3","Q15983300"
"http://dbpedia.org/resource/NAACP_Image_Award_for_Outstanding_Actor_in_a_Television_Movie,_Mini-Series_or_Dramatic_Special?dbpv=2020-02&nif=table&ref=1.4_2&order=0","1","Q5"
"http://dbpedia.org/resource/Athletics_at_the_2015_Summer_Universiade_–_Women's_400_metres?dbpv=2020-02&nif=table&ref=2.3_2&order=0","2","Q5"
"http://dbpedia.org/resource/SBS_Drama_Awards?dbpv=2020-02&nif=table&ref=8_2&order=0","1","Q5"
"http://dbpedia.org/resource/Districts_of_Belarus?dbpv=2020-02&nif=table&ref=1_2&order=0","0","Q2043199"
"http://dbpedia.org/resource/Russia?dbpv=2020-02&nif=table&ref=6.3_2&order=0","0","Q34770 Q1288568"
"http://dbpedia.org/resource/Vidarbha_Cricket_Association_Ground?dbpv=2020-02&nif=table&ref=3.3_2&order=0","2","Q5"
"http://dbpedia.org/resource/Ray_Donovan?dbpv=2020-02&nif=table&ref=5_2&order=0","2","Q38033430"
"http://dbpedia.org/resource/List_of_SR_Brașov_managers?dbpv=2020-02&nif=table&ref=2_2&order=0","0","Q27020041"
"http://dbpedia.org/resource/Saiju_Kurup?dbpv=2020-02&nif=table&ref=2.1_2&order=0","2","Q11424"
"http://dbpedia.org/resource/Classics_Illustrated?dbpv=2020-02&nif=table&ref=7.2_2&order=0","2","Q7725634"
"http://dbpedia.org/resource/1997_IAAF_World_Indoor_Championships_–_Men's_heptathlon?dbpv=2020-02&nif=table&ref=2.5_2&order=0","2","Q5"
"http://dbpedia.org/resource/List_of_schools_in_Illawarra_and_the_South_East_(New_South_Wales)?dbpv=2020-02&nif=table&ref=1.1_2&order=0","0","Q188509 Q3257686 Q3914"
"http://dbpedia.org/resource/Miss_Heritage_2014?dbpv=2020-02&nif=table&ref=3_2&order=0","0","Q3624078"
"http://dbpedia.org/resource/2019_in_American_music?dbpv=2020-02&nif=table&ref=5.10_2&order=0","1","Q482994"
"http://dbpedia.org/resource/Miss_Universe_2010?dbpv=2020-02&nif=table&ref=2_2&order=0","0","Q3624078"
"http://dbpedia.org/resource/Golmaal_3?dbpv=2020-02&nif=table&ref=5_2&order=0","2","Q56116950"
"http://dbpedia.org/resource/Agder?dbpv=2020-02&nif=table&ref=1.1_2&order=0","2","Q755707"
"http://dbpedia.org/resource/J.League_designated_special_players?dbpv=2020-02&nif=table&ref=12_2&order=0","0","Q5"
"http://dbpedia.org/resource/Media_in_Seattle?dbpv=2020-02&nif=table&ref=4.2_2&order=0","0","Q14350"
"http://dbpedia.org/resource/Northeast_Conference?dbpv=2020-02&nif=table&ref=1.2.2_2&order=0","0","Q23002039 Q3918"
"http://dbpedia.org/resource/Nikki_Sixx?dbpv=2020-02&nif=table&ref=8.1_2&order=0","1","Q482994"
"http://dbpedia.org/resource/The_American_Short_Story?dbpv=2020-02&nif=table&ref=1_2&order=0","1","Q49084"
"http://dbpedia.org/resource/2016–17_KML_season?dbpv=2020-02&nif=table&ref=1.1_2&order=0","0","Q13393265"
"http://dbpedia.org/resource/Taken_Out?dbpv=2020-02&nif=table&ref=3_2&order=0","0","Q3624078"
"http://dbpedia.org/resource/2016_Chicago_Marathon?dbpv=2020-02&nif=table&ref=1.1_2&order=0","1","Q5"
"http://dbpedia.org/resource/1993_Toronto_International_Film_Festival?dbpv=2020-02&nif=table&ref=3_2&order=0","1","Q11424"
"http://dbpedia.org/resource/1975_PGA_Championship?dbpv=2020-02&nif=table&ref=2.3_2&order=0","1","Q5"
"http://dbpedia.org/resource/BIFA_Award_for_Best_British_Independent_Film?dbpv=2020-02&nif=table&ref=1.3_2&order=0","1","Q11424"
"http://dbpedia.org/resource/2009–10_Juventus_F.C._season?dbpv=2020-02&nif=table&ref=2.1_2&order=0","3","Q5"
"http://dbpedia.org/resource/Downstage_Thrust_Tour?dbpv=2020-02&nif=table&ref=6_2&order=0","1","Q1549591"
"http://dbpedia.org/resource/Arizona's_1st_congressional_district?dbpv=2020-02&nif=table&ref=5_2&order=0","0","Q5"
"http://dbpedia.org/resource/I'll_Fly_Away_(TV_series)?dbpv=2020-02&nif=table&ref=6_2&order=0","2","Q1044427"
"http://dbpedia.org/resource/AB_Aerotransport?dbpv=2020-02&nif=table&ref=2_2&order=0","1","Q15056993"
"http://dbpedia.org/resource/Roti_Kapda_Aur_Makaan?dbpv=2020-02&nif=table&ref=4.1_2&order=0","2","Q37049 Q56116950"
"http://dbpedia.org/resource/List_of_UFA_films?dbpv=2020-02&nif=table&ref=2_2&order=0","0","Q11424"
"http://dbpedia.org/resource/1980_NHL_Entry_Draft?dbpv=2020-02&nif=table&ref=1.2_2&order=0","1","Q5"
"http://dbpedia.org/resource/Athletics_at_the_1974_British_Commonwealth_Games_–_Women's_200_metres?dbpv=2020-02&nif=table&ref=2.2_2&order=0","2","Q5"
"http://dbpedia.org/resource/West_Kazakhstan_Region?dbpv=2020-02&nif=table&ref=3_2&order=0","0","Q486972 Q2643128"
"http://dbpedia.org/resource/Nanguneri_(state_assembly_constituency)?dbpv=2020-02&nif=table&ref=2_2&order=0","1","Q5"
"http://dbpedia.org/resource/1998_Open_Championship?dbpv=2020-02&nif=table&ref=3.2_2&order=0","1","Q5"
"http://dbpedia.org/resource/DBpm_Records?dbpv=2020-02&nif=table&ref=1_2&order=0","0","Q482994"
"http://dbpedia.org/resource/Democratic_Governors_Association?dbpv=2020-02&nif=table&ref=6_2&order=0","1","Q5"
"http://dbpedia.org/resource/BAFTA_Award_for_Best_Direction?dbpv=2020-02&nif=table&ref=1.6_2&order=0","1","Q5"
"http://dbpedia.org/resource/First_Ladies_and_Gentlemen_of_Costa_Rica?dbpv=2020-02&nif=table&ref=2_2&order=0","0","Q5"
"http://dbpedia.org/resource/Palani_(Lok_Sabha_constituency)?dbpv=2020-02&nif=table&ref=2_2&order=0","0","Q15238777"
"http://dbpedia.org/resource/Raazi?dbpv=2020-02&nif=table&ref=6_2&order=0","2","Q56116950"
"http://dbpedia.org/resource/2006_in_Japanese_television?dbpv=2020-02&nif=table&ref=1_2&order=0","0","Q63952888"
"http://dbpedia.org/resource/List_of_aircraft_carriers?dbpv=2020-02&nif=table&ref=3_2&order=0","0","Q17205"
"http://dbpedia.org/resource/Nawada_(Lok_Sabha_constituency)?dbpv=2020-02&nif=table&ref=2_2&order=0","1","Q5"
"http://dbpedia.org/resource/European_Wrestling_Championships?dbpv=2020-02&nif=table&ref=1.1_2&order=0","2","Q1549591"
"http://dbpedia.org/resource/West_Air_(China)?dbpv=2020-02&nif=table&ref=1_2&order=0","1","Q1637706"
"http://dbpedia.org/resource/Tiruvarur_(state_assembly_constituency)?dbpv=2020-02&nif=table&ref=2_2&order=0","1","Q5"
"http://dbpedia.org/resource/2011_ASP_World_Tour?dbpv=2020-02&nif=table&ref=1.2_2&order=0","1","Q5"
"http://dbpedia.org/resource/List_of_closed_railway_stations_in_Norfolk?dbpv=2020-02&nif=table&ref=0_1&order=0","0","Q55488"
"http://dbpedia.org/resource/DCD2_Records?dbpv=2020-02&nif=table&ref=2_2&order=0","0","Q482994"
"http://dbpedia.org/resource/Puteri_Indonesia_2011?dbpv=2020-02&nif=table&ref=2_2&order=0","0","Q5098"
"http://dbpedia.org/resource/1976_Masters_Tournament?dbpv=2020-02&nif=table&ref=2.1_2&order=0","1","Q5"
"http://dbpedia.org/resource/2018_AFF_Futsal_Championship?dbpv=2020-02&nif=table&ref=1_2&order=0","0","Q94696559"
"http://dbpedia.org/resource/Camino_Island?dbpv=2020-02&nif=table&ref=4_2&order=0","0","Q47461344"
"http://dbpedia.org/resource/20th_Moscow_International_Film_Festival?dbpv=2020-02&nif=table&ref=2_2&order=0","0","Q11424"
"http://dbpedia.org/resource/Craig_Street?dbpv=2020-02&nif=table&ref=1_2&order=0","1","Q5"
"http://dbpedia.org/resource/European_Scout_Jamboree?dbpv=2020-02&nif=table&ref=4.2_2&order=0","1","Q1852859 Q2039348 Q262166 Q493522"
"http://dbpedia.org/resource/1991_NHL_Entry_Draft?dbpv=2020-02&nif=table&ref=1.5_2&order=0","1","Q5"
"http://dbpedia.org/resource/ICF_Canoe_Slalom_World_Championships?dbpv=2020-02&nif=table&ref=4.2_2&order=0","1","Q5"
"http://dbpedia.org/resource/Football_in_Portugal?dbpv=2020-02&nif=table&ref=2.2_2&order=0","1","Q476028"
"http://dbpedia.org/resource/Diamond_League?dbpv=2020-02&nif=table&ref=3_2&order=0","1","Q500834"
"http://dbpedia.org/resource/Finland_at_the_1928_Summer_Olympics?dbpv=2020-02&nif=table&ref=1_2&order=0","1","Q5"
"http://dbpedia.org/resource/2014_Korea_National_League?dbpv=2020-02&nif=table&ref=2_2&order=0","0","Q476028"
"http://dbpedia.org/resource/2013_in_American_music?dbpv=2020-02&nif=table&ref=6.7_2&order=0","1","Q482994"
"http://dbpedia.org/resource/Hainan?dbpv=2020-02&nif=table&ref=16_2&order=0","0","Q1549591"
"http://dbpedia.org/resource/List_of_Top_25_albums_for_1977_in_Australia?dbpv=2020-02&nif=table&ref=0_1&order=0","1","Q482994"
"http://dbpedia.org/resource/35th_Quebec_Legislature?dbpv=2020-02&nif=table&ref=2_2&order=0","1","Q5"
"http://dbpedia.org/resource/Bagley-class_destroyer?dbpv=2020-02&nif=table&ref=4_2&order=0","0","Q174736"
"http://dbpedia.org/resource/2017_European_Team_Championships_Super_League?dbpv=2020-02&nif=table&ref=3.9.1_2&order=0","3","Q5"
"http://dbpedia.org/resource/2000_European_Athletics_Indoor_Championships_–_Men's_1500_metres?dbpv=2020-02&nif=table&ref=2.1_2&order=0","2","Q5"
"http://dbpedia.org/resource/2015_BMW_PGA_Championship?dbpv=2020-02&nif=table&ref=3.1_2&order=0","1","Q5"
"http://dbpedia.org/resource/2012–13_Bologna_F.C._1909_season?dbpv=2020-02&nif=table&ref=3.2_2&order=0","3","Q5"
"http://dbpedia.org/resource/2013–14_Segunda_División_B?dbpv=2020-02&nif=table&ref=3.1_2&order=0","0","Q476028"
"http://dbpedia.org/resource/List_of_Hong_Kong_films_of_2008?dbpv=2020-02&nif=table&ref=1_2&order=0","0","Q11424"
"http://dbpedia.org/resource/Med-View_Airline?dbpv=2020-02&nif=table&ref=1_3&order=0","0","Q1549591"
"http://dbpedia.org/resource/List_of_2009_albums?dbpv=2020-02&nif=table&ref=1.3_2&order=0","1","Q215380"
"http://dbpedia.org/resource/List_of_Zamalek_SC_players?dbpv=2020-02&nif=table&ref=1_2&order=0","0","Q5"
"http://dbpedia.org/resource/Athletics_at_the_2001_Summer_Universiade_–_Men's_shot_put?dbpv=2020-02&nif=table&ref=2.1_2&order=0","2","Q5"
"http://dbpedia.org/resource/ASKY_Airlines?dbpv=2020-02&nif=table&ref=3_3&order=0","0","Q1549591"
"http://dbpedia.org/resource/Athletics_at_the_2007_Pan_American_Games_–_Men's_200_metres?dbpv=2020-02&nif=table&ref=2.2_2&order=0","2","Q5"
"http://dbpedia.org/resource/Illinois–Indiana–Kentucky_tri-state_area?dbpv=2020-02&nif=table&ref=5.3_2&order=0","0","Q13410447"
"http://dbpedia.org/resource/LPGA_Corning_Classic?dbpv=2020-02&nif=table&ref=1_2&order=0","2","Q5"
"http://dbpedia.org/resource/Narayani_Shastri?dbpv=2020-02&nif=table&ref=3.1_2&order=0","1","Q5398426"
"http://dbpedia.org/resource/KFF_Vllaznia_Shkodër?dbpv=2020-02&nif=table&ref=3_2&order=0","3","Q3624078"
"http://dbpedia.org/resource/1957_in_country_music?dbpv=2020-02&nif=table&ref=2.2_2&order=0","1","Q7366"
"http://dbpedia.org/resource/List_of_2009_albums?dbpv=2020-02&nif=table&ref=1.1_2&order=0","1","Q215380"
"http://dbpedia.org/resource/2017_PGA_Championship?dbpv=2020-02&nif=table&ref=4.1_3&order=0","1","Q5"
"http://dbpedia.org/resource/List_of_places_in_Alabama:_D–H?dbpv=2020-02&nif=table&ref=4_2&order=0","0","Q17343829"
"http://dbpedia.org/resource/2015_Pan_American_Road_Cycling_Championships?dbpv=2020-02&nif=table&ref=2.1_2&order=0","1","Q5"
"http://dbpedia.org/resource/Old_Boys?dbpv=2020-02&nif=table&ref=1.7_2&order=0","0","Q2418495"
"http://dbpedia.org/resource/9th_Berlin_International_Film_Festival?dbpv=2020-02&nif=table&ref=2_2&order=0","0","Q11424"
"http://dbpedia.org/resource/Mayor_of_Stockton,_California?dbpv=2020-02&nif=table&ref=1_2&order=0","1","Q5"
"http://dbpedia.org/resource/Extradition?dbpv=2020-02&nif=table&ref=5.3_2&order=0","0","Q5"
"http://dbpedia.org/resource/1987_World_Championships_in_Athletics_–_Men's_high_jump?dbpv=2020-02&nif=table&ref=5.1_2&order=0","2","Q5"
"http://dbpedia.org/resource/Triple_J_Hottest_100,_2008?dbpv=2020-02&nif=table&ref=4_2&order=0","1","Q215380"
"http://dbpedia.org/resource/Sports_Federation_and_Olympic_Committee_of_Hong_Kong,_China?dbpv=2020-02&nif=table&ref=2.1.1_2&order=0","1","Q2485448"
"http://dbpedia.org/resource/1972_European_Athletics_Indoor_Championships_–_Men's_shot_put?dbpv=2020-02&nif=table&ref=1_2&order=0","1","Q5"
"http://dbpedia.org/resource/ISSF_World_Shooting_Championships?dbpv=2020-02&nif=table&ref=7.2_2&order=0","1","Q5"
"http://dbpedia.org/resource/Hanžeković_Memorial?dbpv=2020-02&nif=table&ref=1.1_2&order=0","0","Q2312410"
